<BackupInst xmlns="http://www.microsoft.com/GroupPolicy/GPOOperations/Manifest"><GPOGuid><![CDATA[{31B2F340-016D-11D2-945F-00C04FB984F9}]]></GPOGuid><GPODomain><![CDATA[inv.test]]></GPODomain><GPODomainGuid><![CDATA[{6c338931-9e23-46e9-9bd0-17f77c0b4c22}]]></GPODomainGuid><GPODomainController><![CDATA[WIN-7DMIIKE3C81.inv.test]]></GPODomainController><BackupTime><![CDATA[2025-01-25T08:18:57]]></BackupTime><ID><![CDATA[{593FABF0-249C-433D-9DD5-564DD529EB82}]]></ID><Comment><![CDATA[]]></Comment><GPODisplayName><![CDATA[Default Domain Policy]]></GPODisplayName></BackupInst>
